{
    "data": [
        {
            "id": 1,
            "name": "Avocado",
            "price": 1
        },
        {
            "id": 2,
            "name": "Broccoli",
            "price": 1
        },
        {
            "id": 3,
            "name": "Onions",
            "price": 1
        },
        {
            "id": 4,
            "name": "Zucchini",
            "price": 1
        },
        {
            "id": 5,
            "name": "Lobster",
            "price": 2
        },
        {
            "id": 6,
            "name": "Oyster",
            "price": 2
        },
        {
            "id": 7,
            "name": "Salmon",
            "price": 2
        },
        {
            "id": 8,
            "name": "Tuna",
            "price": 2
        },
        {
            "id": 9,
            "name": "Bacon",
            "price": 3
        },
        {
            "id": 10,
            "name": "Duck",
            "price": 3
        },
        {
            "id": 11,
            "name": "Ham",
            "price": 3
        },
        {
            "id": 12,
            "name": "Sausage",
            "price": 3
        }
    ]
}